category,items,orders,revenue,freight,avg_item_price,avg_freight,avg_review_score,contribution_proxy,margin_proxy,freight_ratio,revenue_per_order_containing_category
health_beauty,9670,8836,1258681.34,182566.73,130.16353050672183,18.879703205791106,130.16353050672183,1076114.61,0.8549539711139279,0.14504602888607215,142.4492236306021
watches_gifts,5991,5624,1205005.68,100535.93,201.13598397596394,16.7811600734435,201.13598397596394,1104469.75,0.9165680862184816,0.08343191378151844,214.2613229018492
bed_bath_table,11115,9417,1036988.68,204693.04,93.29632748538012,18.415928025191185,93.29632748538012,832295.64,0.8026082213356466,0.1973917786643534,110.1187936710205
sports_leisure,8641,7720,988048.97,168607.51,114.34428538363615,19.512499710681634,114.34428538363615,819441.46,0.8293530835824868,0.1706469164175132,127.98561787564766
computers_accessories,7827,6689,911954.32,147318.08,116.51390315574294,18.821781014437203,116.51390315574294,764636.24,0.838458926319906,0.16154107368009396,136.33642098968454
furniture_decor,8334,6449,729762.49,172749.3,87.56449364050876,20.728257739380847,87.56449364050876,557013.19,0.7632801050106042,0.23671989498939577,113.15901535121723
cool_stuff,3796,3632,635290.85,84039.1,167.357968914647,22.138856691253952,167.357968914647,551251.75,0.8677155510739688,0.1322844489260313,174.91488160792952
housewares,6964,5884,632248.66,146149.11,90.78814761631247,20.986374210224007,90.78814761631247,486099.55000000005,0.7688423570561621,0.23115764294383792,107.45218558803536
auto,4235,3897,592720.11,92664.21,139.9575230224321,21.880569067296342,139.9575230224321,500055.89999999997,0.8436627871458587,0.15633721285414123,152.0965127020785
garden_tools,4347,3518,485256.46,98962.75,111.63019553715206,22.765757994018863,111.63019553715206,386293.71,0.7960609323985095,0.20393906760149055,137.93532120523025
toys,4117,3886,483946.6,77425.95,117.54836045664318,18.806400291474375,117.54836045664318,406520.64999999997,0.8400113772883206,0.15998862271167935,124.53592382913021
baby,3065,2885,411764.89,68353.11,134.34417292006526,22.301177814029366,134.34417292006526,343411.78,0.8339996642258645,0.16600033577413556,142.72613171577123
perfumery,3419,3162,399124.87,54213.84,116.73731207955542,15.856636443404502,116.73731207955542,344911.03,0.8641682238443323,0.13583177615566777,126.22544908285894
telephony,4545,4199,323667.52999999997,71215.79,71.21397799779977,15.669040704070406,71.21397799779977,252451.74,0.7799723994557007,0.22002760054429926,77.08205048821146
office_furniture,1691,1273,273960.7,68571.95,162.0110585452395,40.551123595505615,162.0110585452395,205388.75,0.7497015082820273,0.2502984917179727,215.20871956009427
stationery,2517,2311,230943.23,46798.48,91.75336909018674,18.592959872864522,91.75336909018674,184144.75,0.7973593770209241,0.20264062297907587,99.93216356555604
computers,203,181,222963.13,9836.3,1098.3405418719212,48.45467980295566,1098.3405418719212,213126.83000000002,0.9558837373694925,0.04411626263050756,1231.840497237569
pet_shop,1947,1710,214315.41,39561.24,110.0746841294299,20.319075500770413,110.0746841294299,174754.17,0.8154064609726385,0.1845935390273616,125.33064912280702
musical_instruments,680,628,191498.88,18638.49,281.616,27.409544117647062,281.616,172860.39,0.9026705012582842,0.09732949874171588,304.9345222929936
small_appliances,679,630,190648.58,16020.25,280.7784683357879,23.593888070692195,280.7784683357879,174628.33,0.9159697386678674,0.08403026133213266,302.6167936507936
unknown,1603,1451,179535.28,28169.81,111.99955084217093,17.573181534622584,111.99955084217093,151365.47,0.8430959642026904,0.1569040357973096,123.73210199862164
electronics,2767,2550,160246.74,46578.32,57.913530899891576,16.833509215757136,57.913530899891576,113668.41999999998,0.7093337437004958,0.29066625629950416,62.84185882352941
consoles_games,1137,1062,157465.22,19828.02,138.49183817062445,17.438891820580476,138.49183817062445,137637.2,0.8740800031905459,0.12591999680945418,148.27233521657251
fashion_bags_accessories,2031,1864,152823.54,31450.0,75.24546528803546,15.484982767109798,75.24546528803546,121373.54000000001,0.7942070966292235,0.20579290337077652,81.98687768240343
construction_tools_construction,929,748,144677.59,20650.41,155.7347578040904,22.22864370290635,155.7347578040904,124027.18,0.8572660078177968,0.1427339921822032,193.41923796791443
luggage_accessories,1092,1034,140429.98,30445.23,128.5988827838828,27.880247252747253,128.5988827838828,109984.75000000001,0.7831999263974829,0.21680007360251705,135.8123597678917
home_appliances_2,238,234,113317.74,10600.18,476.1249579831933,44.53857142857143,476.1249579831933,102717.56,0.9064561294639303,0.09354387053606963,484.2638461538462
home_construction,604,490,83088.12,13832.24,137.56311258278146,22.901059602649006,137.56311258278146,69255.87999999999,0.8335232521809375,0.16647674781906246,169.5675918367347
home_appliances,771,764,80171.53,14818.9,103.98382619974059,19.220363164721142,103.98382619974059,65352.63,0.8151600699150933,0.1848399300849067,104.93655759162303
agro_industry_and_commerce,212,182,72530.47,5843.6,342.12485849056606,27.56415094339623,342.12485849056606,66686.87,0.9194324812730428,0.0805675187269571,398.51906593406596
furniture_living_room,503,422,68916.56,17968.170000000002,137.0110536779324,35.72200795228628,137.0110536779324,50948.39,0.7392764525681491,0.26072354743185094,163.30938388625592
fixed_telephony,264,217,59583.0,4637.81,225.6931818181818,17.567462121212124,225.6931818181818,54945.19,0.9221621939143716,0.07783780608562846,274.57603686635946
home_confort,434,397,58572.04,8501.23,134.95861751152074,19.588087557603686,134.95861751152074,50070.81,0.8548585639154791,0.14514143608452088,147.53662468513855
air_conditioning,297,253,55024.96,6749.23,185.26922558922558,22.724680134680135,185.26922558922558,48275.729999999996,0.8773423915255912,0.1226576084744087,217.4899604743083
audio,364,350,50688.5,5710.44,139.25412087912088,15.688021978021977,139.25412087912088,44978.06,0.8873424938595539,0.11265750614044605,144.8242857142857
small_appliances_home_oven_and_coffee,76,75,47445.71,2747.86,624.2856578947368,36.15605263157895,624.2856578947368,44697.85,0.9420841209879671,0.05791587901203291,632.6094666666667
books_general_interest,553,512,46856.88,9195.52,84.73215189873417,16.62842676311031,84.73215189873417,37661.36,0.8037530454439136,0.19624695455608657,91.51734375
kitchen_dining_laundry_garden_furniture,281,248,46328.37,11999.43,164.8696441281139,42.702597864768684,164.8696441281139,34328.94,0.74099175084295,0.25900824915705,186.8079435483871
construction_tools_lights,304,244,41080.0,7583.8,135.1315789473684,24.94671052631579,135.1315789473684,33496.2,0.8153894839337876,0.18461051606621226,168.36065573770492
construction_tools_safety,194,167,40544.52,3919.1,208.9923711340206,20.201546391752576,208.9923711340206,36625.42,0.9033383549737425,0.09666164502625756,242.78155688622752
industry_commerce_and_business,268,235,39669.61,7884.68,148.0209328358209,29.42044776119403,148.0209328358209,31784.93,0.8012413028512254,0.1987586971487746,168.80685106382978
food,510,450,29393.41,7271.03,57.63413725490196,14.256921568627451,57.63413725490196,22122.38,0.75263060665639,0.24736939334361,65.31868888888889
market_place,311,280,28378.47,5456.06,91.2490996784566,17.543601286173633,91.2490996784566,22922.41,0.8077394588221282,0.19226054117787184,101.35167857142858
costruction_tools_garden,238,194,25715.89,5311.4,108.04995798319328,22.316806722689073,108.04995798319328,20404.489999999998,0.7934584414539025,0.20654155854609738,132.55613402061854
art,209,202,24202.64,4045.17,115.8021052631579,19.35488038277512,115.8021052631579,20157.47,0.8328624480635171,0.16713755193648297,119.8150495049505
fashion_shoes,262,240,23562.77,4918.87,89.93423664122137,18.774312977099235,89.93423664122137,18643.9,0.7912439836233177,0.20875601637668237,98.17820833333333
drinks,379,297,22428.7,5741.25,59.178627968337736,15.148416886543536,59.178627968337736,16687.45,0.7440221680257884,0.2559778319742116,75.51750841750842
signaling_and_security,199,140,21509.23,6507.820000000001,108.08658291457286,32.70261306532664,108.08658291457286,15001.41,0.6974405871339885,0.3025594128660115,153.63735714285713
furniture_bedroom,109,95,20028.78,4632.23,183.75027522935778,42.49752293577981,183.75027522935778,15396.55,0.7687213100348599,0.23127868996514014,210.82926315789473
books_technical,267,260,19096.06,4283.06,71.52082397003745,16.041423220973783,71.52082397003745,14813.0,0.7757097537397767,0.2242902462602233,73.44638461538462
costruction_tools_tools,103,97,15903.95,2030.22,154.40728155339806,19.710873786407767,154.40728155339806,13873.730000000001,0.8723449206014858,0.1276550793985142,163.95824742268042
food_drink,278,227,15179.48,4507.99,54.602446043165465,16.215791366906473,54.602446043165465,10671.49,0.7030207885909135,0.29697921140908645,66.86995594713656
fashion_male_clothing,132,112,10797.82,2152.41,81.80166666666666,16.306136363636362,81.80166666666666,8645.41,0.800662541142564,0.19933745885743603,96.40910714285714
fashion_underwear_beach,131,121,9541.55,1916.19,72.83625954198473,14.627404580152673,72.83625954198473,7625.359999999999,0.7991741383737443,0.2008258616262557,78.85578512396694
christmas_supplies,153,128,8800.82,3229.2999999999997,57.52169934640523,21.106535947712416,57.52169934640523,5571.52,0.6330682822736973,0.36693171772630273,68.75640625
tablets_printing_image,83,79,7528.41,1226.2,90.70373493975903,14.773493975903614,90.70373493975903,6302.21,0.8371236423095979,0.1628763576904021,95.29632911392405
cine_photo,72,65,6933.46,1256.2,96.29805555555555,17.447222222222223,96.29805555555555,5677.26,0.8188206177002536,0.18117938229974645,106.66861538461538
music,38,38,6034.35,690.51,158.79868421052632,18.171315789473685,158.79868421052632,5343.84,0.8855701111138731,0.11442988888612692,158.79868421052632
dvds_blu_ray,64,59,5999.39,1288.74,93.74046875,20.1365625,93.74046875,4710.650000000001,0.7851881607963477,0.21481183920365235,101.68457627118644
books_imported,60,53,4639.85,769.85,77.33083333333335,12.830833333333334,77.33083333333335,3870.0000000000005,0.8340786878886172,0.1659213121113829,87.54433962264152
party_supplies,43,39,4485.18,827.97,104.30651162790699,19.255116279069767,104.30651162790699,3657.21,0.8153987130951266,0.18460128690487337,115.00461538461539
furniture_mattress_and_upholstery,38,38,4368.08,1630.46,114.94947368421053,42.90684210526316,114.94947368421053,2737.62,0.6267330268676398,0.37326697313236024,114.94947368421053
portateis_cozinha_e_preparadores_de_alimentos,15,14,3968.5299999999997,309.76,264.5686666666667,20.650666666666666,264.5686666666667,3658.7699999999995,0.9219459094425391,0.07805409055746082,283.46642857142854
fashio_female_clothing,48,39,2803.64,621.75,58.409166666666664,12.953125,58.409166666666664,2181.89,0.7782347234309683,0.2217652765690317,71.88820512820513
fashion_sport,30,27,2119.51,578.13,70.65033333333334,19.271,70.65033333333334,1541.38,0.7272341248684837,0.27276587513151623,78.50037037037038
la_cuisine,14,13,2054.99,333.55,146.785,23.825,146.785,1721.4399999999998,0.8376877746363729,0.1623122253636271,158.07615384615383
arts_and_craftmanship,24,23,1814.01,370.13,75.58375,15.422083333333333,75.58375,1443.88,0.7959603309794324,0.2040396690205677,78.87
diapers_and_hygiene,39,27,1567.59,573.68,40.19461538461538,14.709743589743589,40.19461538461538,993.91,0.6340369611952105,0.36596303880478953,58.05888888888889
pc_gamer,9,8,1545.95,133.57,171.77222222222224,14.841111111111111,171.77222222222224,1412.38,0.9136000517481161,0.08639994825188395,193.24375
flowers,33,29,1110.04,488.87,33.63757575757575,14.814242424242424,33.63757575757575,621.17,0.5595924471190227,0.44040755288097727,38.27724137931035
home_comfort_2,30,24,760.27,410.31,25.342333333333332,13.677,25.342333333333332,349.96,0.4603101529719705,0.5396898470280296,31.677916666666665
cds_dvds_musicals,14,12,730.0,224.98999999999998,52.142857142857146,16.070714285714285,52.142857142857146,505.01,0.6917945205479452,0.3082054794520548,60.833333333333336
fashion_childrens_clothes,8,8,569.85,95.51,71.23125,11.93875,71.23125,474.34000000000003,0.8323944897780118,0.16760551022198825,71.23125
security_and_services,2,2,283.28999999999996,41.22,141.64499999999998,20.61,141.64499999999998,242.06999999999996,0.8544953934131102,0.14550460658688977,141.64499999999998
